{"title_page": "Allan (name)", "text_new": "'''Allan''' is both a given name and a surname.\n{{TOC right}}\n==People with the given name==\n===A\u2013F===\n* [[Allan (footballer, born 1991)]], Brazilian footballer\n* [[Allan (footballer, born 1997)]], Brazilian footballer\n* [[Allan Abbass]] (born 1962), a professor, psychiatrist, and founding Director of the Centre for Emotions and Health at Dalhousie University in Halifax, Canada\n* [[Allan Ackerman]], an American magician who specializes in sleight of hand magic with playing cards\n* [[Allan Adair]] (1897\u20131988), a senior officer of the British Army who served in both World Wars\n* [[Allan Adler]] (1916\u20132002), an American silversmith\n* [[Allan Agar]] (born 1949), an English rugby league footballer and coach\n* [[Allan Ahlberg]] (born 1938), British children's book writer with his wife Janet Ahlberg as illustrator\n* [[Allan Alaalatoa]] (born 1994), an Australian rugby union player\n* [[Allan Alak\u00fcla]] (born 1968), an Estonian journalist\n* [[Allan Albert]] (1945\u20131994), an American director, producer, and playwright\n* [[Allan Alcorn]] (born 1948), an American pioneering engineer and computer scientist\n* [[Allan Alem\u00e1n]] (born 1983), a Costa Rican professional football player\n* [[Allan Amato]] (born 1974), an American portrait photographer and film director\n* [[Allan Amin]], an Indian action film director\n* [[Allan Anderson (disambiguation)]]\n* [[Allan Andrews (disambiguation)]]\n* [[Allan Antliff]], an anarchist activist, art critic and author\n* [[Allan Arbus]] (1918\u20132013), an American actor and photographer\n* [[Allan Arkush]] (born 1948), an American film and television director\n* [[Allan Armitage]], a professor of horticulture at the University of Georgia, United States\n* [[Allan Ashbolt]] (1921\u20132005), an Australian journalist and television broadcaster\n* [[Allan Asher]], an Australian lawyer, consumer advocate and campaigner\n* [[Allan Ayala]] (born 1986), a male track and field athlete from Guatemala\n* [[Allan Aynesworth]] (1864\u20131959), the stage name of British actor Edward Abbot-Anderson\n* [[Allan Baillie]] (born 1943), an Australian writer\n* [[Allan Baker and Kevin Crump|Allan Baker]], a notorious Australian rapist and murderer\n* [[Allan Bakke]] (born 1940), party in the landmark 1978 U.S. Supreme Court decision ''Regents of the University of California'' v. ''Bakke''\n* [[Allan Baldwin]] (1924\u20132008), an Australian rules footballer\n* [[Allan Ball]] (born 1943), an English former footballer\n* [[Allan Boesak]] (born 1946), a South African cleric, politician and anti-apartheid activist\n* [[Allan B. Calhamer]] (1931\u20132013), an American mail carrier who invented the board game Diplomacy\n* [[Allan Anthony Costly]] (born 1954), a Honduran former footballer\n* [[Allan A. Davidson]] (fl. 1840\u20131899), a lawyer and political figure in New Brunswick, Canada\n* [[Allan de San Miguel]] (born 1988), Australian professional baseball player\n* [[Allan Donald]] (born 1966), a former South African cricketer\n* [[Allan Dwan]] (1885-1981), Canadian-American film director\n* [[Allan Findlay]] (1873\u20131943), a Scottish trade unionist\n\n===G\u2013Z===\n* [[Allan A. Goldstein]] (born 1949), an American film director and screenwriter\n* [[Allan Holdsworth]] (1946\u20132017), English guitarist and composer\n* [[Allan B. Hubbard]] (born 1947), American economic advisor to George W. Bush\n* [[Allan Jay]] (born 1931), British world champion \u00e9p\u00e9e & foil fencer\n* [[Allan Jones (cricketer)]] (born 1947), an English cricket umpire and a retired cricketer\n* [[Allan Kimbaloula]] (born 1992), a Congolese international footballer\n* [[Allan Kozinn]] (born 1954), American music critic\n* [[Allan Kwartler]] (1917\u20131998), American sabre and foil fencer, Pan American Games and Maccabiah Games champion\n* [[Allan A. Lamport]], (1903\u20131999), mayor of Toronto, Canada\n* [[Allan Lane]] (1909\u20131973), an American film star of cowboy B-movies in the 1940s and 1950s\n* [[Allan B. Magruder]] (1775\u20131822), a United States Senator from Louisiana\n* [[Allan McCollum]] (born 1944), American artist\n* [[Allan Morris]] (born 1940), a former Australian politician\n* [[Allan A. Moss]] (1854\u20131929), mayor of Newport News, Virginia, United States\n* [[Allan Alfred Nunweiler]] (born 1930), a Canadian former politician, also known as Alf Nunweiler\n* [[Allan Nyom]] (born 1988), a Cameroonian professional footballer\n* [[Allan Arenfeldt Olesen]] (born 1982), a Danish professional football player\n* [[Allan A. Ryan Jr.]] (1903\u20131981), an American financier and politician from New York\n* [[Allan A. Schoenherr]], a Californian author, ecologist, and naturalist\n* [[Allan Sherman]] (1924\u20131973), an American comedy writer and singer\n* [[Allan \"Whitey\" Snyder]] (1914\u20131994), an American Hollywood make-up artist\n* [[Allan A. Swenson]] (born 1933), an author, literary agent and master gardener\n* [[Allan B. Swift]] (born 1935), an Emmy award\u2013winning broadcaster and American politician\n* [[Allan B. Walsh]] (1874\u20131953), an American politician from New Jersey\n* [[Allan Arthur Willman]] (1909\u20131989), an American classical pianist, composer, music pedagog\n* [[Allan Zebie]] (born 1993), Canadian soccer player\n\n=={{anchor|surname}}People with the surname==\n* [[Alexander Allan (disambiguation)]]\n* [[Anthony Allan (disambiguation)]]\n* [[Charlie Allan (disambiguation)]]\n* [[George Allan (disambiguation)]]\n* [[Griselda Allan]] (1905\u20131987), British artist\n* [[Henry Allan (disambiguation)]]\n* [[Harry Howard Barton Allan]], New Zealand botanist\n* [[Ian Allan (publisher)]]\n* [[Jack Allan (disambiguation)]]\n* [[James Allan (disambiguation)]]\n* [[Jed Allan]] (1935&ndash;2019), American actor\n* [[Jim Allan (disambiguation)]]\n* [[Jimmy Allan (disambiguation)]]\n* [[John Allan (disambiguation)]]\n* [[Joyce Allan]] (1896\u20131966), Australian conchologist\n* [[Keith Allan (disambiguation)]]\n* [[Lewis Allan]], pseudonym of American lyricist Abel Metropolitan\n* [[Lucy Allan (disambiguation)]]\n* [[Marcus Allan]] (born 1986), Australian rules footballer\n* [[Mary Parsons Reid Allan]] (1917\u20132002), Scottish artist  \n* [[Mea Allan]] (1909\u20131982), Scottish journalist\n* [[Peter Allan (disambiguation)]]\n* [[Ray Allan]] (born 1955), Scottish footballer\n* [[Robert Allan (disambiguation)]]\n* [[Rosemary Allan]] (1911\u20132008), British artist\n* [[Sandy Allan]] (born 1947), Scottish footballer\n* [[Thomas Allan (disambiguation)]]\n* [[William Allan (disambiguation)]]\n\n==Fictional characters==\n* [[Allan (mascot)]], a former mascot of the Baltimore Ravens football team\n* [[Allan Thompson (comics)]], a fictional character from ''The Adventures of Tintin'' by Herg\u00e9\n* [[Allan-a-Dale]], a variant spelling of Alan-a-Dale, a figure in the Robin Hood legend\n* [[Zack Allan]], a fictional character from the television series ''Babylon 5''\n\n==See also==\n*[[Alan (given name)]]\n**[[List of people with given name Alan]]\n*[[Allen (given name)]]\n*[[Alan (surname)]]\n*[[Allen (surname)]]\n*{{Look from|Allan}}\n\n{{given name|type=both}}\n", "text_old": "'''Allan''' is both a given name and a surname.\n{{TOC right}}\n==People with the given name==\n===A\u2013F===\n* [[Allan (footballer, born 1991)]], Brazilian footballer\n* [[Allan (footballer, born 1997)]], Brazilian footballer\n* [[Allan Abbass]] (born 1962), a professor, psychiatrist, and founding Director of the Centre for Emotions and Health at Dalhousie University in Halifax, Canada\n* [[Allan Ackerman]], an American magician who specializes in sleight of hand magic with playing cards\n* [[Allan Adair]] (1897\u20131988), a senior officer of the British Army who served in both World Wars\n* [[Allan Adler]] (1916\u20132002), an American silversmith\n* [[Allan Agar]] (born 1949), an English rugby league footballer and coach\n* [[Allan Ahlberg]] (born 1938), British children's book writer with his wife Janet Ahlberg as illustrator\n* [[Allan Alaalatoa]] (born 1994), an Australian rugby union player\n* [[Allan Alak\u00fcla]] (born 1968), an Estonian journalist\n* [[Allan Albert]] (1945\u20131994), an American director, producer, and playwright\n* [[Allan Alcorn]] (born 1948), an American pioneering engineer and computer scientist\n* [[Allan Alem\u00e1n]] (born 1983), a Costa Rican professional football player\n* [[Allan Amato]] (born 1974), an American portrait photographer and film director\n* [[Allan Amin]], an Indian action film director\n* [[Allan Anderson (disambiguation)]]\n* [[Allan Andrews (disambiguation)]]\n* [[Allan Antliff]], an anarchist activist, art critic and author\n* [[Allan Arbus]] (1918\u20132013), an American actor and photographer\n* [[Allan Arkush]] (born 1948), an American film and television director\n* [[Allan Armitage]], a professor of horticulture at the University of Georgia, United States\n* [[Allan Ashbolt]] (1921\u20132005), an Australian journalist and television broadcaster\n* [[Allan Asher]], an Australian lawyer, consumer advocate and campaigner\n* [[Allan Ayala]] (born 1986), a male track and field athlete from Guatemala\n* [[Allan Aynesworth]] (1864\u20131959), the stage name of British actor Edward Abbot-Anderson\n* [[Allan Baillie]] (born 1943), an Australian writer\n* [[Allan Baker]], a notorious Australian rapist and murderer\n* [[Allan Bakke]] (born 1940), party in the landmark 1978 U.S. Supreme Court decision ''Regents of the University of California'' v. ''Bakke''\n* [[Allan Baldwin]] (1924\u20132008), an Australian rules footballer\n* [[Allan Ball]] (born 1943), an English former footballer\n* [[Allan Boesak]] (born 1946), a South African cleric, politician and anti-apartheid activist\n* [[Allan B. Calhamer]] (1931\u20132013), an American mail carrier who invented the board game Diplomacy\n* [[Allan Anthony Costly]] (born 1954), a Honduran former footballer\n* [[Allan A. Davidson]] (fl. 1840\u20131899), a lawyer and political figure in New Brunswick, Canada\n* [[Allan de San Miguel]] (born 1988), Australian professional baseball player\n* [[Allan Donald]] (born 1966), a former South African cricketer\n* [[Allan Dwan]] (1885-1981), Canadian-American film director\n* [[Allan Findlay]] (1873\u20131943), a Scottish trade unionist\n\n===G\u2013Z===\n* [[Allan A. Goldstein]] (born 1949), an American film director and screenwriter\n* [[Allan Holdsworth]] (1946\u20132017), English guitarist and composer\n* [[Allan B. Hubbard]] (born 1947), American economic advisor to George W. Bush\n* [[Allan Jay]] (born 1931), British world champion \u00e9p\u00e9e & foil fencer\n* [[Allan Jones (cricketer)]] (born 1947), an English cricket umpire and a retired cricketer\n* [[Allan Kimbaloula]] (born 1992), a Congolese international footballer\n* [[Allan Kozinn]] (born 1954), American music critic\n* [[Allan Kwartler]] (1917\u20131998), American sabre and foil fencer, Pan American Games and Maccabiah Games champion\n* [[Allan A. Lamport]], (1903\u20131999), mayor of Toronto, Canada\n* [[Allan Lane]] (1909\u20131973), an American film star of cowboy B-movies in the 1940s and 1950s\n* [[Allan B. Magruder]] (1775\u20131822), a United States Senator from Louisiana\n* [[Allan McCollum]] (born 1944), American artist\n* [[Allan Morris]] (born 1940), a former Australian politician\n* [[Allan A. Moss]] (1854\u20131929), mayor of Newport News, Virginia, United States\n* [[Allan Alfred Nunweiler]] (born 1930), a Canadian former politician, also known as Alf Nunweiler\n* [[Allan Nyom]] (born 1988), a Cameroonian professional footballer\n* [[Allan Arenfeldt Olesen]] (born 1982), a Danish professional football player\n* [[Allan A. Ryan Jr.]] (1903\u20131981), an American financier and politician from New York\n* [[Allan A. Schoenherr]], a Californian author, ecologist, and naturalist\n* [[Allan Sherman]] (1924\u20131973), an American comedy writer and singer\n* [[Allan \"Whitey\" Snyder]] (1914\u20131994), an American Hollywood make-up artist\n* [[Allan A. Swenson]] (born 1933), an author, literary agent and master gardener\n* [[Allan B. Swift]] (born 1935), an Emmy award\u2013winning broadcaster and American politician\n* [[Allan B. Walsh]] (1874\u20131953), an American politician from New Jersey\n* [[Allan Arthur Willman]] (1909\u20131989), an American classical pianist, composer, music pedagog\n* [[Allan Zebie]] (born 1993), Canadian soccer player\n\n=={{anchor|surname}}People with the surname==\n* [[Alexander Allan (disambiguation)]]\n* [[Anthony Allan (disambiguation)]]\n* [[Charlie Allan (disambiguation)]]\n* [[George Allan (disambiguation)]]\n* [[Griselda Allan]] (1905\u20131987), British artist\n* [[Henry Allan (disambiguation)]]\n* [[Harry Howard Barton Allan]], New Zealand botanist\n* [[Ian Allan (publisher)]]\n* [[Jack Allan (disambiguation)]]\n* [[James Allan (disambiguation)]]\n* [[Jed Allan]] (1935&ndash;2019), American actor\n* [[Jim Allan (disambiguation)]]\n* [[Jimmy Allan (disambiguation)]]\n* [[John Allan (disambiguation)]]\n* [[Joyce Allan]] (1896\u20131966), Australian conchologist\n* [[Keith Allan (disambiguation)]]\n* [[Lewis Allan]], pseudonym of American lyricist Abel Metropolitan\n* [[Lucy Allan (disambiguation)]]\n* [[Marcus Allan]] (born 1986), Australian rules footballer\n* [[Mary Parsons Reid Allan]] (1917\u20132002), Scottish artist  \n* [[Mea Allan]] (1909\u20131982), Scottish journalist\n* [[Peter Allan (disambiguation)]]\n* [[Ray Allan]] (born 1955), Scottish footballer\n* [[Robert Allan (disambiguation)]]\n* [[Rosemary Allan]] (1911\u20132008), British artist\n* [[Sandy Allan]] (born 1947), Scottish footballer\n* [[Thomas Allan (disambiguation)]]\n* [[William Allan (disambiguation)]]\n\n==Fictional characters==\n* [[Allan (mascot)]], a former mascot of the Baltimore Ravens football team\n* [[Allan Thompson (comics)]], a fictional character from ''The Adventures of Tintin'' by Herg\u00e9\n* [[Allan-a-Dale]], a variant spelling of Alan-a-Dale, a figure in the Robin Hood legend\n* [[Zack Allan]], a fictional character from the television series ''Babylon 5''\n\n==See also==\n*[[Alan (given name)]]\n**[[List of people with given name Alan]]\n*[[Allen (given name)]]\n*[[Alan (surname)]]\n*[[Allen (surname)]]\n*{{Look from|Allan}}\n\n{{given name|type=both}}\n", "name_user": "Tassedethe", "label": "safe", "comment": "v2.02 - Repaired 1 link to disambiguation page -(You can help)-Allan Baker, 18 to be fixed -Alexander Allan (disambiguation),Allan Anderson (disambiguation),Allan Andrews (disambiguation),Anthony Allan (disambiguation),Charlie Allan (disambiguation),George Allan (disambiguation),Henry Allan (disambiguation),Jack Allan (disambiguation),James Allan (disambiguation),Jim Allan (disambiguation),Jimmy Allan (disambiguation), [...", "url_page": "//en.wikipedia.org/wiki/Allan_(name)"}
